<annotation>
	<folder>twitter computerr vision challenge</folder>
	<filename>Screen Shot 2019-10-24 at 7.00.07 PM.png</filename>
	<path>/home/godwin/Desktop/challenge/twitter computerr vision challenge/Screen Shot 2019-10-24 at 7.00.07 PM.png</path>
	<source>
		<database>Unknown</database>
	</source>
	<size>
		<width>1336</width>
		<height>1778</height>
		<depth>3</depth>
	</size>
	<segmented>0</segmented>
	<object>
		<name>follow button</name>
		<pose>Unspecified</pose>
		<truncated>0</truncated>
		<difficult>0</difficult>
		<bndbox>
			<xmin>1054</xmin>
			<ymin>106</ymin>
			<xmax>1286</xmax>
			<ymax>198</ymax>
		</bndbox>
	</object>
	<object>
		<name>follow button</name>
		<pose>Unspecified</pose>
		<truncated>0</truncated>
		<difficult>0</difficult>
		<bndbox>
			<xmin>1041</xmin>
			<ymin>306</ymin>
			<xmax>1273</xmax>
			<ymax>398</ymax>
		</bndbox>
	</object>
	<object>
		<name>follow button</name>
		<pose>Unspecified</pose>
		<truncated>0</truncated>
		<difficult>0</difficult>
		<bndbox>
			<xmin>1050</xmin>
			<ymin>486</ymin>
			<xmax>1282</xmax>
			<ymax>578</ymax>
		</bndbox>
	</object>
	<object>
		<name>follow button</name>
		<pose>Unspecified</pose>
		<truncated>0</truncated>
		<difficult>0</difficult>
		<bndbox>
			<xmin>1048</xmin>
			<ymin>614</ymin>
			<xmax>1280</xmax>
			<ymax>706</ymax>
		</bndbox>
	</object>
	<object>
		<name>follow button</name>
		<pose>Unspecified</pose>
		<truncated>0</truncated>
		<difficult>0</difficult>
		<bndbox>
			<xmin>1042</xmin>
			<ymin>822</ymin>
			<xmax>1274</xmax>
			<ymax>914</ymax>
		</bndbox>
	</object>
	<object>
		<name>follow button</name>
		<pose>Unspecified</pose>
		<truncated>0</truncated>
		<difficult>0</difficult>
		<bndbox>
			<xmin>1046</xmin>
			<ymin>1061</ymin>
			<xmax>1278</xmax>
			<ymax>1153</ymax>
		</bndbox>
	</object>
	<object>
		<name>follow button</name>
		<pose>Unspecified</pose>
		<truncated>0</truncated>
		<difficult>0</difficult>
		<bndbox>
			<xmin>1039</xmin>
			<ymin>1267</ymin>
			<xmax>1271</xmax>
			<ymax>1359</ymax>
		</bndbox>
	</object>
	<object>
		<name>follow button</name>
		<pose>Unspecified</pose>
		<truncated>0</truncated>
		<difficult>0</difficult>
		<bndbox>
			<xmin>1045</xmin>
			<ymin>1470</ymin>
			<xmax>1277</xmax>
			<ymax>1562</ymax>
		</bndbox>
	</object>
	<object>
		<name>follow button</name>
		<pose>Unspecified</pose>
		<truncated>0</truncated>
		<difficult>0</difficult>
		<bndbox>
			<xmin>1043</xmin>
			<ymin>1671</ymin>
			<xmax>1275</xmax>
			<ymax>1763</ymax>
		</bndbox>
	</object>
</annotation>
