<annotation>
	<folder>twitter computerr vision challenge</folder>
	<filename>Screen Shot 2019-10-24 at 7.00.16 PM.png</filename>
	<path>/home/godwin/Desktop/challenge/twitter computerr vision challenge/Screen Shot 2019-10-24 at 7.00.16 PM.png</path>
	<source>
		<database>Unknown</database>
	</source>
	<size>
		<width>1440</width>
		<height>1422</height>
		<depth>3</depth>
	</size>
	<segmented>0</segmented>
	<object>
		<name>follow button</name>
		<pose>Unspecified</pose>
		<truncated>0</truncated>
		<difficult>0</difficult>
		<bndbox>
			<xmin>1078</xmin>
			<ymin>10</ymin>
			<xmax>1317</xmax>
			<ymax>110</ymax>
		</bndbox>
	</object>
	<object>
		<name>follow button</name>
		<pose>Unspecified</pose>
		<truncated>0</truncated>
		<difficult>0</difficult>
		<bndbox>
			<xmin>1072</xmin>
			<ymin>221</ymin>
			<xmax>1311</xmax>
			<ymax>321</ymax>
		</bndbox>
	</object>
	<object>
		<name>follow button</name>
		<pose>Unspecified</pose>
		<truncated>0</truncated>
		<difficult>0</difficult>
		<bndbox>
			<xmin>1080</xmin>
			<ymin>388</ymin>
			<xmax>1319</xmax>
			<ymax>488</ymax>
		</bndbox>
	</object>
	<object>
		<name>follow button</name>
		<pose>Unspecified</pose>
		<truncated>0</truncated>
		<difficult>0</difficult>
		<bndbox>
			<xmin>1074</xmin>
			<ymin>591</ymin>
			<xmax>1313</xmax>
			<ymax>691</ymax>
		</bndbox>
	</object>
	<object>
		<name>follow button</name>
		<pose>Unspecified</pose>
		<truncated>0</truncated>
		<difficult>0</difficult>
		<bndbox>
			<xmin>1080</xmin>
			<ymin>832</ymin>
			<xmax>1319</xmax>
			<ymax>932</ymax>
		</bndbox>
	</object>
	<object>
		<name>follow button</name>
		<pose>Unspecified</pose>
		<truncated>0</truncated>
		<difficult>0</difficult>
		<bndbox>
			<xmin>1082</xmin>
			<ymin>1000</ymin>
			<xmax>1321</xmax>
			<ymax>1100</ymax>
		</bndbox>
	</object>
	<object>
		<name>follow button</name>
		<pose>Unspecified</pose>
		<truncated>0</truncated>
		<difficult>0</difficult>
		<bndbox>
			<xmin>1078</xmin>
			<ymin>1202</ymin>
			<xmax>1317</xmax>
			<ymax>1302</ymax>
		</bndbox>
	</object>
	<object>
		<name>follow button</name>
		<pose>Unspecified</pose>
		<truncated>1</truncated>
		<difficult>0</difficult>
		<bndbox>
			<xmin>1067</xmin>
			<ymin>1373</ymin>
			<xmax>1317</xmax>
			<ymax>1422</ymax>
		</bndbox>
	</object>
</annotation>
