<annotation>
	<folder>twitter computerr vision challenge</folder>
	<filename>1.png</filename>
	<path>/home/godwin/Desktop/twitter computerr vision challenge/1.png</path>
	<source>
		<database>Unknown</database>
	</source>
	<size>
		<width>1336</width>
		<height>1778</height>
		<depth>3</depth>
	</size>
	<segmented>0</segmented>
	<object>
		<name>follow</name>
		<pose>Unspecified</pose>
		<truncated>0</truncated>
		<difficult>0</difficult>
		<bndbox>
			<xmin>1032</xmin>
			<ymin>101</ymin>
			<xmax>1294</xmax>
			<ymax>203</ymax>
		</bndbox>
	</object>
	<object>
		<name>follow</name>
		<pose>Unspecified</pose>
		<truncated>0</truncated>
		<difficult>0</difficult>
		<bndbox>
			<xmin>1033</xmin>
			<ymin>308</ymin>
			<xmax>1295</xmax>
			<ymax>410</ymax>
		</bndbox>
	</object>
	<object>
		<name>follow</name>
		<pose>Unspecified</pose>
		<truncated>0</truncated>
		<difficult>0</difficult>
		<bndbox>
			<xmin>1033</xmin>
			<ymin>477</ymin>
			<xmax>1295</xmax>
			<ymax>579</ymax>
		</bndbox>
	</object>
	<object>
		<name>follow</name>
		<pose>Unspecified</pose>
		<truncated>0</truncated>
		<difficult>0</difficult>
		<bndbox>
			<xmin>1037</xmin>
			<ymin>610</ymin>
			<xmax>1299</xmax>
			<ymax>712</ymax>
		</bndbox>
	</object>
	<object>
		<name>follow</name>
		<pose>Unspecified</pose>
		<truncated>0</truncated>
		<difficult>0</difficult>
		<bndbox>
			<xmin>1030</xmin>
			<ymin>819</ymin>
			<xmax>1292</xmax>
			<ymax>921</ymax>
		</bndbox>
	</object>
	<object>
		<name>follow</name>
		<pose>Unspecified</pose>
		<truncated>0</truncated>
		<difficult>0</difficult>
		<bndbox>
			<xmin>1030</xmin>
			<ymin>1060</ymin>
			<xmax>1292</xmax>
			<ymax>1162</ymax>
		</bndbox>
	</object>
	<object>
		<name>follow</name>
		<pose>Unspecified</pose>
		<truncated>0</truncated>
		<difficult>0</difficult>
		<bndbox>
			<xmin>1033</xmin>
			<ymin>1263</ymin>
			<xmax>1295</xmax>
			<ymax>1365</ymax>
		</bndbox>
	</object>
	<object>
		<name>follow</name>
		<pose>Unspecified</pose>
		<truncated>0</truncated>
		<difficult>0</difficult>
		<bndbox>
			<xmin>1031</xmin>
			<ymin>1466</ymin>
			<xmax>1293</xmax>
			<ymax>1568</ymax>
		</bndbox>
	</object>
	<object>
		<name>follow</name>
		<pose>Unspecified</pose>
		<truncated>0</truncated>
		<difficult>0</difficult>
		<bndbox>
			<xmin>1032</xmin>
			<ymin>1672</ymin>
			<xmax>1294</xmax>
			<ymax>1774</ymax>
		</bndbox>
	</object>
</annotation>
