<annotation>
	<folder>twitter computerr vision challenge</folder>
	<filename>2.png</filename>
	<path>/home/godwin/Desktop/twitter computerr vision challenge/2.png</path>
	<source>
		<database>Unknown</database>
	</source>
	<size>
		<width>1440</width>
		<height>1422</height>
		<depth>3</depth>
	</size>
	<segmented>0</segmented>
	<object>
		<name>follow</name>
		<pose>Unspecified</pose>
		<truncated>0</truncated>
		<difficult>0</difficult>
		<bndbox>
			<xmin>1080</xmin>
			<ymin>214</ymin>
			<xmax>1334</xmax>
			<ymax>312</ymax>
		</bndbox>
	</object>
	<object>
		<name>follow</name>
		<pose>Unspecified</pose>
		<truncated>0</truncated>
		<difficult>0</difficult>
		<bndbox>
			<xmin>1080</xmin>
			<ymin>379</ymin>
			<xmax>1334</xmax>
			<ymax>477</ymax>
		</bndbox>
	</object>
	<object>
		<name>follow</name>
		<pose>Unspecified</pose>
		<truncated>0</truncated>
		<difficult>0</difficult>
		<bndbox>
			<xmin>1078</xmin>
			<ymin>581</ymin>
			<xmax>1332</xmax>
			<ymax>679</ymax>
		</bndbox>
	</object>
	<object>
		<name>follow</name>
		<pose>Unspecified</pose>
		<truncated>0</truncated>
		<difficult>0</difficult>
		<bndbox>
			<xmin>1078</xmin>
			<ymin>823</ymin>
			<xmax>1332</xmax>
			<ymax>921</ymax>
		</bndbox>
	</object>
	<object>
		<name>follow</name>
		<pose>Unspecified</pose>
		<truncated>0</truncated>
		<difficult>0</difficult>
		<bndbox>
			<xmin>1074</xmin>
			<ymin>991</ymin>
			<xmax>1328</xmax>
			<ymax>1089</ymax>
		</bndbox>
	</object>
	<object>
		<name>follow</name>
		<pose>Unspecified</pose>
		<truncated>0</truncated>
		<difficult>0</difficult>
		<bndbox>
			<xmin>1077</xmin>
			<ymin>1196</ymin>
			<xmax>1331</xmax>
			<ymax>1294</ymax>
		</bndbox>
	</object>
	<object>
		<name>follow</name>
		<pose>Unspecified</pose>
		<truncated>0</truncated>
		<difficult>0</difficult>
		<bndbox>
			<xmin>1077</xmin>
			<ymin>9</ymin>
			<xmax>1331</xmax>
			<ymax>107</ymax>
		</bndbox>
	</object>
</annotation>
