<annotation>
	<folder>twitter computerr vision challenge</folder>
	<filename>3.png</filename>
	<path>/home/godwin/Desktop/twitter computerr vision challenge/3.png</path>
	<source>
		<database>Unknown</database>
	</source>
	<size>
		<width>1564</width>
		<height>1550</height>
		<depth>3</depth>
	</size>
	<segmented>0</segmented>
	<object>
		<name>follow</name>
		<pose>Unspecified</pose>
		<truncated>0</truncated>
		<difficult>0</difficult>
		<bndbox>
			<xmin>1036</xmin>
			<ymin>83</ymin>
			<xmax>1298</xmax>
			<ymax>178</ymax>
		</bndbox>
	</object>
	<object>
		<name>follow</name>
		<pose>Unspecified</pose>
		<truncated>0</truncated>
		<difficult>0</difficult>
		<bndbox>
			<xmin>1043</xmin>
			<ymin>246</ymin>
			<xmax>1305</xmax>
			<ymax>341</ymax>
		</bndbox>
	</object>
	<object>
		<name>follow</name>
		<pose>Unspecified</pose>
		<truncated>0</truncated>
		<difficult>0</difficult>
		<bndbox>
			<xmin>1037</xmin>
			<ymin>448</ymin>
			<xmax>1299</xmax>
			<ymax>543</ymax>
		</bndbox>
	</object>
	<object>
		<name>follow</name>
		<pose>Unspecified</pose>
		<truncated>0</truncated>
		<difficult>0</difficult>
		<bndbox>
			<xmin>1035</xmin>
			<ymin>616</ymin>
			<xmax>1297</xmax>
			<ymax>711</ymax>
		</bndbox>
	</object>
	<object>
		<name>follow</name>
		<pose>Unspecified</pose>
		<truncated>0</truncated>
		<difficult>0</difficult>
		<bndbox>
			<xmin>1038</xmin>
			<ymin>814</ymin>
			<xmax>1300</xmax>
			<ymax>909</ymax>
		</bndbox>
	</object>
	<object>
		<name>follow</name>
		<pose>Unspecified</pose>
		<truncated>0</truncated>
		<difficult>0</difficult>
		<bndbox>
			<xmin>1038</xmin>
			<ymin>1021</ymin>
			<xmax>1300</xmax>
			<ymax>1116</ymax>
		</bndbox>
	</object>
	<object>
		<name>follow</name>
		<pose>Unspecified</pose>
		<truncated>0</truncated>
		<difficult>0</difficult>
		<bndbox>
			<xmin>1039</xmin>
			<ymin>1228</ymin>
			<xmax>1301</xmax>
			<ymax>1323</ymax>
		</bndbox>
	</object>
	<object>
		<name>follow</name>
		<pose>Unspecified</pose>
		<truncated>0</truncated>
		<difficult>0</difficult>
		<bndbox>
			<xmin>1037</xmin>
			<ymin>1395</ymin>
			<xmax>1299</xmax>
			<ymax>1490</ymax>
		</bndbox>
	</object>
</annotation>
